{
  "version": "0.0.0+2020.04.16",
  "DefaultCameraPosition": [
    5875.9987823292795,
    -6618.777789109965,
    -51130.61780259984
  ],
  "DefaultCameraViewUp": [
    2.665430714361742e-06,
    0.9999997800282004,
    -0.0006632770508897955
  ],
  "DefaultOntology": "Structure",
  "DefaultReferenceView": "Axial",
  "DefaultRepresentationType": "polyline",
  "DefaultSplineOrientation": [
    -1.0,
    0.0,
    0.0,
    5686.499999999999,
    0.0,
    1.0,
    0.0,
    -6587.499999999999,
    0.0,
    0.0,
    1.0,
    -1400.0,
    0.0,
    0.0,
    0.0,
    1.0
  ],
  "DefaultStepSize": 24.999999999999996,
  "DefaultThickness": 50.0,
  "Locked": 0,
  "MarkupLabelFormat": "%N-%d",
  "Markups": [
    {
      "AssociatedNodeID": "vtkMRMLModelNode0",
      "CameraPosition": [
        5875.9987823292795,
        -6618.777789109965,
        -51130.61780259984
      ],
      "CameraViewUp": [
        2.665430714361742e-06,
        0.9999997800282004,
        -0.0006632770508897955
      ],
      "Closed": 1,
      "Description": "",
      "ID": "vtkMRMLMarkupsSplinesNode_0",
      "Label": "Annotation-1",
      "Locked": 1,
      "Ontology": "Structure",
      "OrientationWXYZ": [
        0.0,
        0.0,
        0.0,
        1.0
      ],
      "Points": [
        {
          "x": 5740.598360655735,
          "y": -10638.866120218578,
          "z": -1400.0
        },
        {
          "x": 8084.8606557377025,
          "y": -4507.718579234972,
          "z": -1400.0
        },
        {
          "x": 9743.877049180326,
          "y": -7753.620218579234,
          "z": -1400.0
        }
      ],
      "Points_Count": "3",
      "ReferenceView": "Axial",
      "RepresentationType": "polyline",
      "Selected": 1,
      "SplineOrientation": [
        -1.0,
        0.0,
        0.0,
        5686.499999999999,
        0.0,
        1.0,
        0.0,
        -6587.499999999999,
        0.0,
        0.0,
        1.0,
        -1400.0,
        0.0,
        0.0,
        0.0,
        1.0
      ],
      "StepSize": 24.999999999999996,
      "Thickness": 50.0,
      "Visibility": 1
    }
  ],
  "Markups_Count": 1,
  "TextList": [
    null
  ],
  "TextList_Count": 0
}